rank,file,t_sec,score,U,A,D,n_boxes,n_ambiguous,empty,selected
1,frame_0010.jpg,4.0,0.733,0.966,0.1667,1.0,1,1,False,True
2,frame_0290.jpg,116.0,0.696,0.6719,0.6667,0.8,4,4,False,True
3,frame_0073.jpg,29.2,0.6877,0.5754,0.6667,1.0,6,4,False,True
4,frame_0015.jpg,6.0,0.6814,0.6628,0.5,1.0,4,3,False,True
5,frame_0079.jpg,31.6,0.6642,0.6084,0.6667,0.8,7,4,False,True
6,frame_0129.jpg,51.6,0.6639,0.6758,0.5,0.88,5,3,False,True
7,frame_0169.jpg,67.6,0.6456,0.5832,0.8333,0.52,6,5,False,True
8,frame_0072.jpg,28.8,0.6413,0.5826,0.5,1.0,7,3,False,False
9,frame_0071.jpg,28.4,0.6357,0.4713,0.6667,1.0,6,4,False,False
10,frame_0074.jpg,29.6,0.6318,0.4636,0.6667,1.0,6,4,False,False
11,frame_0011.jpg,4.4,0.6287,0.5574,0.5,1.0,3,3,False,False
12,frame_0077.jpg,30.8,0.6208,0.4895,0.6667,0.88,6,4,False,False
13,frame_0005.jpg,2.0,0.6181,0.4362,0.6667,1.0,5,4,False,True
14,frame_0284.jpg,113.6,0.6169,0.5099,0.8333,0.56,5,5,False,True
15,frame_0070.jpg,28.0,0.6157,0.4314,0.6667,1.0,6,4,False,False
16,frame_0328.jpg,131.2,0.6127,0.5933,1.0,0.08,11,6,False,True
17,frame_0209.jpg,83.6,0.606,0.724,0.3333,0.72,3,2,False,True
18,frame_0294.jpg,117.6,0.6055,0.5229,0.6667,0.72,6,4,False,False
19,frame_0001.jpg,0.4,0.6044,0.5088,0.5,1.0,7,3,False,False
20,frame_0008.jpg,3.2,0.6039,0.5079,0.5,1.0,3,3,False,False
21,frame_0123.jpg,49.2,0.6034,0.5507,0.6667,0.64,6,4,False,True
22,frame_0078.jpg,31.2,0.5944,0.4528,0.6667,0.84,7,4,False,False
23,frame_0230.jpg,92.0,0.5941,0.6402,0.8333,0.12,7,5,False,False
24,frame_0201.jpg,80.4,0.5923,0.5605,0.6667,0.56,4,4,False,False
25,frame_0000.jpg,0.0,0.5901,0.4803,0.5,1.0,7,3,False,False
26,frame_0327.jpg,130.8,0.5825,0.6491,0.8333,0.04,9,5,False,False
27,frame_0376.jpg,150.4,0.5811,0.6982,0.6667,0.16,6,4,False,False
28,frame_0397.jpg,158.8,0.5682,0.5564,0.8333,0.2,8,5,False,False
29,frame_0291.jpg,116.4,0.5673,0.4986,0.5,0.84,5,3,False,False
30,frame_0282.jpg,112.8,0.5613,0.5306,0.6667,0.48,6,4,False,False
31,frame_0374.jpg,149.6,0.5524,0.5248,0.8333,0.2,6,5,False,False
32,frame_0175.jpg,70.0,0.5506,0.5892,0.6667,0.28,6,4,False,False
33,frame_0295.jpg,118.0,0.5481,0.5242,0.5,0.68,6,3,False,False
34,frame_0377.jpg,150.8,0.5474,0.6468,0.6667,0.12,10,4,False,False
35,frame_0285.jpg,114.0,0.5463,0.4526,0.6667,0.6,5,4,False,False
36,frame_0128.jpg,51.2,0.5455,0.455,0.5,0.84,7,3,False,False
37,frame_0286.jpg,114.4,0.5455,0.5351,0.5,0.64,7,3,False,False
38,frame_0210.jpg,84.0,0.5302,0.5885,0.3333,0.68,3,2,False,False
39,frame_0075.jpg,30.0,0.5241,0.3642,0.5,0.96,4,3,False,False
40,frame_0296.jpg,118.4,0.5241,0.4921,0.5,0.64,6,3,False,False
41,frame_0018.jpg,7.2,0.523,0.3459,0.5,1.0,4,3,False,False
42,frame_0024.jpg,9.6,0.5208,0.5416,0.1667,1.0,1,1,False,False
43,frame_0124.jpg,49.6,0.5196,0.4672,0.5,0.68,8,3,False,False
44,frame_0021.jpg,8.4,0.5195,0.339,0.5,1.0,4,3,False,False
45,frame_0033.jpg,13.2,0.5189,0.3377,0.5,1.0,7,3,False,False
46,frame_0387.jpg,154.8,0.5187,0.4574,0.8333,0.2,10,5,False,False
47,frame_0031.jpg,12.4,0.5174,0.3349,0.5,1.0,6,3,False,False
48,frame_0116.jpg,46.4,0.5162,0.4883,0.6667,0.36,8,4,False,False
49,frame_0069.jpg,27.6,0.5159,0.3319,0.5,1.0,5,3,False,False
50,frame_0293.jpg,117.2,0.5142,0.4245,0.5,0.76,5,3,False,False
51,frame_0329.jpg,131.6,0.5116,0.5912,0.6667,0.08,6,4,False,False
52,frame_0126.jpg,50.4,0.5115,0.519,0.3333,0.76,5,2,False,False
53,frame_0288.jpg,115.2,0.5115,0.4351,0.5,0.72,6,3,False,False
54,frame_0087.jpg,34.8,0.5097,0.5275,0.5,0.48,4,3,False,False
55,frame_0167.jpg,66.8,0.5001,0.4602,0.5,0.6,5,3,False,False
56,frame_0375.jpg,150.0,0.4997,0.5193,0.6667,0.2,8,4,False,False
57,frame_0332.jpg,132.8,0.4981,0.5801,0.6667,0.04,6,4,False,False
58,frame_0384.jpg,153.6,0.4968,0.5296,0.6667,0.16,7,4,False,False
59,frame_0317.jpg,126.8,0.494,0.508,0.6667,0.2,6,4,False,False
60,frame_0289.jpg,115.6,0.4906,0.5772,0.1667,0.76,6,1,False,False
61,frame_0016.jpg,6.4,0.4905,0.2811,0.5,1.0,6,3,False,False
62,frame_0292.jpg,116.8,0.4898,0.3595,0.5,0.8,6,3,False,False
63,frame_0196.jpg,78.4,0.4893,0.6347,0.3333,0.36,2,2,False,False
64,frame_0385.jpg,154.0,0.4873,0.4946,0.6667,0.2,7,4,False,False
65,frame_0183.jpg,73.2,0.4839,0.5517,0.6667,0.04,5,4,False,False
66,frame_0386.jpg,154.4,0.4805,0.5651,0.5,0.24,7,3,False,False
67,frame_0320.jpg,128.0,0.4797,0.5634,0.5,0.24,5,3,False,False
68,frame_0220.jpg,88.0,0.4789,0.6458,0.3333,0.28,2,2,False,False
69,frame_0281.jpg,112.4,0.4779,0.4797,0.5,0.44,7,3,False,False
70,frame_0297.jpg,118.8,0.4772,0.5144,0.3333,0.6,6,2,False,False
71,frame_0168.jpg,67.2,0.4759,0.5278,0.3333,0.56,7,2,False,False
72,frame_0130.jpg,52.0,0.474,0.38,0.3333,0.92,3,2,False,False
73,frame_0378.jpg,151.2,0.4733,0.4147,0.8333,0.08,8,5,False,False
74,frame_0170.jpg,68.0,0.4722,0.4525,0.5,0.48,6,3,False,False
75,frame_0368.jpg,147.2,0.4722,0.4285,0.8333,0.04,8,5,False,False
76,frame_0232.jpg,92.8,0.4718,0.4635,0.6667,0.2,7,4,False,False
77,frame_0287.jpg,114.8,0.4716,0.4713,0.3333,0.68,5,2,False,False
78,frame_0398.jpg,159.2,0.4693,0.5426,0.5,0.24,9,3,False,False
79,frame_0122.jpg,48.8,0.4678,0.3957,0.5,0.6,5,3,False,False
80,frame_0302.jpg,120.8,0.4659,0.4718,0.5,0.4,6,3,False,False
81,frame_0028.jpg,11.2,0.4658,0.3317,0.3333,1.0,3,2,False,False
82,frame_0013.jpg,5.2,0.4648,0.4295,0.1667,1.0,3,1,False,False
83,frame_0279.jpg,111.6,0.464,0.484,0.5,0.36,5,3,False,False
84,frame_0125.jpg,50.0,0.4635,0.439,0.3333,0.72,5,2,False,False
85,frame_0029.jpg,11.6,0.4626,0.3252,0.3333,1.0,5,2,False,False
86,frame_0020.jpg,8.0,0.4612,0.4223,0.1667,1.0,3,1,False,False
87,frame_0067.jpg,26.8,0.4612,0.3224,0.3333,1.0,9,2,False,False
88,frame_0006.jpg,2.4,0.4603,0.4205,0.1667,1.0,3,1,False,False
89,frame_0218.jpg,87.2,0.4586,0.5733,0.3333,0.36,2,2,False,False
90,frame_0030.jpg,12.0,0.4584,0.3168,0.3333,1.0,8,2,False,False
91,frame_0089.jpg,35.6,0.4576,0.3552,0.6667,0.4,6,4,False,False
92,frame_0202.jpg,80.8,0.4559,0.4719,0.3333,0.6,5,2,False,False
93,frame_0189.jpg,75.6,0.4552,0.6785,0.3333,0.08,3,2,False,False
94,frame_0113.jpg,45.2,0.4551,0.5142,0.5,0.24,6,3,False,False
95,frame_0185.jpg,74.0,0.4546,0.4772,0.6667,0.08,6,4,False,False
96,frame_0306.jpg,122.4,0.4532,0.4104,0.6667,0.24,6,4,False,False
97,frame_0014.jpg,5.6,0.4522,0.3045,0.3333,1.0,5,2,False,False
98,frame_0004.jpg,1.6,0.4513,0.3026,0.3333,1.0,6,2,False,False
99,frame_0278.jpg,111.2,0.4495,0.471,0.5,0.32,7,3,False,False
100,frame_0199.jpg,79.6,0.4492,0.6064,0.1667,0.48,1,1,False,False
101,frame_0076.jpg,30.4,0.4487,0.3294,0.3333,0.92,4,2,False,False
102,frame_0301.jpg,120.4,0.4441,0.4121,0.5,0.44,5,3,False,False
103,frame_0184.jpg,73.6,0.4432,0.4544,0.6667,0.08,5,4,False,False
104,frame_0208.jpg,83.2,0.4413,0.4785,0.1667,0.76,3,1,False,False
105,frame_0304.jpg,121.6,0.44,0.4521,0.5,0.32,4,3,False,False
106,frame_0177.jpg,70.8,0.4376,0.3952,0.6667,0.2,7,4,False,False
107,frame_0390.jpg,156.0,0.4366,0.4412,0.6667,0.08,8,4,False,False
108,frame_0133.jpg,53.2,0.4364,0.2729,0.3333,1.0,5,2,False,False
109,frame_0068.jpg,27.2,0.4361,0.2722,0.3333,1.0,5,2,False,False
110,frame_0389.jpg,155.6,0.4353,0.4225,0.6667,0.12,7,4,False,False
111,frame_0173.jpg,69.2,0.4346,0.4252,0.5,0.36,7,3,False,False
112,frame_0315.jpg,126.0,0.4332,0.5183,0.5,0.12,7,3,False,False
113,frame_0367.jpg,146.8,0.4301,0.4281,0.6667,0.08,8,4,False,False
114,frame_0115.jpg,46.0,0.4272,0.4264,0.5,0.32,5,3,False,False
115,frame_0307.jpg,122.8,0.426,0.3719,0.6667,0.2,6,4,False,False
116,frame_0188.jpg,75.2,0.4257,0.4353,0.6667,0.04,8,4,False,False
117,frame_0298.jpg,119.2,0.4248,0.4257,0.3333,0.56,5,2,False,False
118,frame_0322.jpg,128.8,0.4246,0.4853,0.5,0.16,4,3,False,False
119,frame_0009.jpg,3.6,0.4236,0.3471,0.1667,1.0,2,1,False,False
120,frame_0032.jpg,12.8,0.4227,0.3453,0.1667,1.0,4,1,False,False
121,frame_0391.jpg,156.4,0.4227,0.4294,0.6667,0.04,6,4,False,False
122,frame_0203.jpg,81.2,0.4214,0.3869,0.3333,0.64,3,2,False,False
123,frame_0276.jpg,110.4,0.4189,0.5419,0.3333,0.24,8,2,False,False
124,frame_0233.jpg,93.2,0.4185,0.5411,0.3333,0.24,4,2,False,False
125,frame_0200.jpg,80.0,0.4183,0.4287,0.3333,0.52,2,2,False,False
126,frame_0303.jpg,121.2,0.4179,0.3918,0.5,0.36,5,3,False,False
127,frame_0003.jpg,1.2,0.4169,0.3337,0.1667,1.0,3,1,False,False
128,frame_0131.jpg,52.4,0.4166,0.3492,0.1667,0.96,4,1,False,False
129,frame_0025.jpg,10.0,0.4161,0.3322,0.1667,1.0,2,1,False,False
130,frame_0275.jpg,110.0,0.4152,0.4503,0.5,0.2,8,3,False,False
131,frame_0283.jpg,113.2,0.4152,0.4225,0.3333,0.52,4,2,False,False
132,frame_0127.jpg,50.8,0.4143,0.3086,0.3333,0.8,6,2,False,False
133,frame_0333.jpg,133.2,0.4121,0.4921,0.5,0.08,9,3,False,False
134,frame_0373.jpg,149.2,0.4116,0.4592,0.5,0.16,5,3,False,False
135,frame_0098.jpg,39.2,0.4108,0.4055,0.6667,0.04,5,4,False,False
136,frame_0176.jpg,70.4,0.4095,0.423,0.5,0.24,6,3,False,False
137,frame_0022.jpg,8.8,0.409,0.318,0.1667,1.0,1,1,False,False
138,frame_0194.jpg,77.6,0.409,0.5061,0.3333,0.28,3,2,False,False
139,frame_0225.jpg,90.0,0.409,0.4859,0.5,0.08,4,3,False,False
140,frame_0027.jpg,10.8,0.4087,0.3174,0.1667,1.0,2,1,False,False
141,frame_0274.jpg,109.6,0.4086,0.4533,0.5,0.16,5,3,False,False
142,frame_0088.jpg,35.2,0.4075,0.539,0.1667,0.44,3,1,False,False
143,frame_0112.jpg,44.8,0.4053,0.5306,0.3333,0.2,4,2,False,False
144,frame_0207.jpg,82.8,0.4009,0.3817,0.1667,0.8,2,1,False,False
145,frame_0095.jpg,38.0,0.4005,0.3369,0.6667,0.16,7,4,False,False
146,frame_0330.jpg,132.0,0.4,0.484,0.5,0.04,5,3,False,False
147,frame_0017.jpg,6.8,0.3951,0.2901,0.1667,1.0,3,1,False,False
148,frame_0106.jpg,42.4,0.3951,0.4742,0.5,0.04,6,3,False,False
149,frame_0211.jpg,84.4,0.3944,0.3329,0.3333,0.64,3,2,False,False
150,frame_0012.jpg,4.8,0.3885,0.2769,0.1667,1.0,3,1,False,False
151,frame_0002.jpg,0.8,0.3872,0.2744,0.1667,1.0,6,1,False,False
152,frame_0023.jpg,9.2,0.3809,0.2618,0.1667,1.0,2,1,False,False
153,frame_0269.jpg,107.6,0.3805,0.445,0.5,0.04,4,3,False,False
154,frame_0314.jpg,125.6,0.3787,0.4254,0.5,0.08,6,3,False,False
155,frame_0117.jpg,46.8,0.3761,0.3923,0.3333,0.4,6,2,False,False
156,frame_0091.jpg,36.4,0.3756,0.4233,0.3333,0.32,3,2,False,False
157,frame_0229.jpg,91.6,0.3748,0.4176,0.5,0.08,6,3,False,False
158,frame_0195.jpg,78.0,0.3716,0.4153,0.3333,0.32,3,2,False,False
159,frame_0019.jpg,7.6,0.3712,0.2423,0.1667,1.0,3,1,False,False
160,frame_0086.jpg,34.4,0.3662,0.3244,0.3333,0.52,3,2,False,False
161,frame_0026.jpg,10.4,0.3645,0.2289,0.1667,1.0,4,1,False,False
162,frame_0370.jpg,148.0,0.3622,0.4085,0.5,0.04,6,3,False,False
163,frame_0132.jpg,52.8,0.3619,0.2237,0.1667,1.0,5,1,False,False
164,frame_0216.jpg,86.4,0.3606,0.4451,0.1667,0.44,3,1,False,False
165,frame_0224.jpg,89.6,0.3584,0.5687,0.1667,0.12,5,1,False,False
166,frame_0299.jpg,119.6,0.3565,0.305,0.3333,0.52,5,2,False,False
167,frame_0399.jpg,159.6,0.3542,0.3964,0.3333,0.28,7,2,False,False
168,frame_0396.jpg,158.4,0.3507,0.4374,0.3333,0.16,8,2,False,False
169,frame_0268.jpg,107.2,0.348,0.3641,0.5,0.08,5,3,False,False
170,frame_0310.jpg,124.0,0.3469,0.4618,0.3333,0.08,4,2,False,False
171,frame_0318.jpg,127.2,0.3424,0.3888,0.3333,0.24,8,2,False,False
172,frame_0222.jpg,88.8,0.3421,0.3042,0.5,0.2,5,3,False,False
173,frame_0277.jpg,110.8,0.3408,0.3697,0.3333,0.28,6,2,False,False
174,frame_0118.jpg,47.2,0.3405,0.305,0.3333,0.44,4,2,False,False
175,frame_0174.jpg,69.6,0.34,0.352,0.3333,0.32,7,2,False,False
176,frame_0096.jpg,38.4,0.3368,0.4256,0.3333,0.12,5,2,False,False
177,frame_0191.jpg,76.4,0.3366,0.4093,0.3333,0.16,4,2,False,False
178,frame_0231.jpg,92.4,0.3365,0.409,0.3333,0.16,7,2,False,False
179,frame_0114.jpg,45.6,0.3364,0.3608,0.3333,0.28,5,2,False,False
180,frame_0082.jpg,32.8,0.3339,0.2958,0.1667,0.68,5,1,False,False
181,frame_0120.jpg,48.0,0.3334,0.2588,0.3333,0.52,5,2,False,False
182,frame_0321.jpg,128.4,0.3331,0.2862,0.5,0.2,5,3,False,False
183,frame_0179.jpg,71.6,0.3327,0.4174,0.3333,0.12,4,2,False,False
184,frame_0388.jpg,155.2,0.3324,0.3008,0.5,0.16,6,3,False,False
185,frame_0094.jpg,37.6,0.3278,0.3757,0.3333,0.2,5,2,False,False
186,frame_0192.jpg,76.8,0.3259,0.3719,0.3333,0.2,3,2,False,False
187,frame_0121.jpg,48.4,0.3249,0.3258,0.1667,0.56,6,1,False,False
188,frame_0323.jpg,129.2,0.3245,0.3009,0.5,0.12,6,3,False,False
189,frame_0394.jpg,157.6,0.3238,0.5156,0.1667,0.08,3,1,False,False
190,frame_0228.jpg,91.2,0.3235,0.3309,0.5,0.04,4,3,False,False
191,frame_0193.jpg,77.2,0.3226,0.3493,0.3333,0.24,6,2,False,False
192,frame_0085.jpg,34.0,0.3206,0.3171,0.1667,0.56,2,1,False,False
193,frame_0379.jpg,151.6,0.3185,0.321,0.5,0.04,8,3,False,False
194,frame_0271.jpg,108.4,0.3145,0.4131,0.3333,0.04,4,2,False,False
195,frame_0206.jpg,82.4,0.3141,0.2241,0.1667,0.76,4,1,False,False
196,frame_0204.jpg,81.6,0.3134,0.2547,0.1667,0.68,2,1,False,False
197,frame_0081.jpg,32.4,0.3123,0.2366,0.1667,0.72,5,1,False,False
198,frame_0093.jpg,37.2,0.3117,0.3275,0.3333,0.24,4,2,False,False
199,frame_0226.jpg,90.4,0.3065,0.2969,0.5,0.04,5,3,False,False
200,frame_0305.jpg,122.0,0.3062,0.3005,0.3333,0.28,6,2,False,False
201,frame_0313.jpg,125.2,0.3047,0.3934,0.3333,0.04,2,2,False,False
202,frame_0212.jpg,84.8,0.3035,0.2669,0.1667,0.6,2,1,False,False
203,frame_0280.jpg,112.0,0.3026,0.4453,0.0,0.4,6,0,False,False
204,frame_0214.jpg,85.6,0.2967,0.2854,0.1667,0.52,2,1,False,False
205,frame_0198.jpg,79.2,0.2939,0.3118,0.1667,0.44,2,1,False,False
206,frame_0178.jpg,71.2,0.2936,0.3232,0.3333,0.16,6,2,False,False
207,frame_0316.jpg,126.4,0.2934,0.3228,0.3333,0.16,6,2,False,False
208,frame_0308.jpg,123.2,0.293,0.322,0.3333,0.16,4,2,False,False
209,frame_0007.jpg,2.8,0.2928,0.1857,0.0,1.0,5,0,False,False
210,frame_0309.jpg,123.6,0.2921,0.3363,0.3333,0.12,4,2,False,False
211,frame_0221.jpg,88.4,0.2914,0.2868,0.3333,0.24,3,2,False,False
212,frame_0092.jpg,36.8,0.2905,0.3689,0.1667,0.28,3,1,False,False
213,frame_0104.jpg,41.6,0.2895,0.3311,0.3333,0.12,3,2,False,False
214,frame_0300.jpg,120.0,0.2893,0.2866,0.1667,0.48,6,1,False,False
215,frame_0172.jpg,68.8,0.2874,0.2148,0.3333,0.4,7,2,False,False
216,frame_0090.jpg,36.0,0.2823,0.3205,0.1667,0.36,3,1,False,False
217,frame_0213.jpg,85.2,0.2822,0.2403,0.1667,0.56,3,1,False,False
218,frame_0100.jpg,40.0,0.2753,0.4346,0.1667,0.04,4,1,False,False
219,frame_0190.jpg,76.0,0.2731,0.4981,0.0,0.12,2,0,False,False
220,frame_0272.jpg,108.8,0.2728,0.3136,0.3333,0.08,4,2,False,False
221,frame_0084.jpg,33.6,0.2703,0.2006,0.1667,0.6,4,1,False,False
222,frame_0319.jpg,127.6,0.2636,0.2153,0.3333,0.28,5,2,False,False
223,frame_0105.jpg,42.0,0.2633,0.2947,0.3333,0.08,6,2,False,False
224,frame_0395.jpg,158.0,0.2607,0.2735,0.3333,0.12,8,2,False,False
225,frame_0217.jpg,86.8,0.259,0.2579,0.1667,0.4,2,1,False,False
226,frame_0108.jpg,43.2,0.2561,0.3962,0.1667,0.04,9,1,False,False
227,frame_0219.jpg,87.6,0.255,0.2819,0.1667,0.32,4,1,False,False
228,frame_0097.jpg,38.8,0.2536,0.2752,0.3333,0.08,6,2,False,False
229,frame_0103.jpg,41.2,0.2515,0.2391,0.3333,0.16,4,2,False,False
230,frame_0109.jpg,43.6,0.2511,0.2702,0.3333,0.08,7,2,False,False
231,frame_0382.jpg,152.8,0.2502,0.2684,0.3333,0.08,7,2,False,False
232,frame_0205.jpg,82.0,0.2472,0.2065,0.0,0.72,3,0,False,False
233,frame_0197.jpg,78.8,0.2399,0.2197,0.1667,0.4,2,1,False,False
234,frame_0372.jpg,148.8,0.2341,0.3202,0.1667,0.12,4,1,False,False
235,frame_0080.jpg,32.0,0.2303,0.1566,0.0,0.76,5,0,False,False
236,frame_0393.jpg,157.2,0.2249,0.2338,0.3333,0.04,6,2,False,False
237,frame_0111.jpg,44.4,0.2197,0.2753,0.1667,0.16,5,1,False,False
238,frame_0381.jpg,152.4,0.219,0.322,0.1667,0.04,6,1,False,False
239,frame_0383.jpg,153.2,0.2145,0.281,0.1667,0.12,9,1,False,False
240,frame_0101.jpg,40.4,0.2079,0.3838,0.0,0.08,4,0,False,False
241,frame_0083.jpg,33.2,0.2064,0.1568,0.0,0.64,4,0,False,False
242,frame_0171.jpg,68.4,0.2004,0.2248,0.0,0.44,5,0,False,False
243,frame_0186.jpg,74.4,0.2003,0.2845,0.1667,0.04,8,1,False,False
244,frame_0215.jpg,86.0,0.1966,0.2012,0.0,0.48,4,0,False,False
245,frame_0273.jpg,109.2,0.1966,0.2451,0.1667,0.12,5,1,False,False
246,frame_0180.jpg,72.0,0.1898,0.2475,0.1667,0.08,5,1,False,False
247,frame_0223.jpg,89.2,0.188,0.2119,0.1667,0.16,6,1,False,False
248,frame_0181.jpg,72.4,0.187,0.2579,0.1667,0.04,5,1,False,False
249,frame_0311.jpg,124.4,0.1841,0.2522,0.1667,0.04,4,1,False,False
250,frame_0324.jpg,129.6,0.1832,0.2344,0.1667,0.08,4,1,False,False
251,frame_0371.jpg,148.4,0.1764,0.2208,0.1667,0.08,4,1,False,False
252,frame_0267.jpg,106.8,0.1694,0.2909,0.0,0.12,4,0,False,False
253,frame_0119.jpg,47.6,0.1668,0.1416,0.0,0.48,4,0,False,False
254,frame_0110.jpg,44.0,0.1185,0.189,0.0,0.12,1,0,False,False
255,frame_0102.jpg,40.8,0.1076,0.1673,0.0,0.12,5,0,False,False
256,frame_0325.jpg,130.0,0.0953,0.1745,0.0,0.04,7,0,False,False
